{
  "@microsoft/generator-sharepoint": {
    "plusBeta": false,
    "isCreatingSolution": false,
    "nodeVersion": "18.18.0",
    "sdksVersions": {
      "@microsoft/microsoft-graph-client": "3.0.2",
      "@microsoft/teams-js": "2.24.0"
    },
    "version": "1.20.0",
    "libraryName": "personalized-webpart",
    "libraryId": "7c8afe66-e403-4b20-aee4-3e3d676204aa",
    "environment": "spo",
    "packageManager": "npm",
    "solutionName": "personalized-webpart",
    "solutionShortDescription": "personalized-webpart description",
    "skipFeatureDeployment": true,
    "isDomainIsolated": false,
    "componentType": "library"
  }
}
