{
  "schema": "http://adaptivecards.io/schemas/adaptive-card.json",
  "type": "AdaptiveCard",
  "version": "1.2",
  "body": [
    {
      "type": "Container",
      "$when": "${count(items) == 0}",
      "items": [
        {
          "type": "Image",
          "url": "https://cdn.iconscout.com/icon/premium/png-256-thumb/no-item-found-4372089-3632264.png",
          "size": "Medium",
          "horizontalAlignment": "Center"
        },
        {
          "type": "TextBlock",
          "text": "Nothing here yet",
          "wrap": true,
          "size": "Medium",
          "horizontalAlignment": "Center"
        }
      ]
    },
    {
      "type": "ActionSet",
      "$data": "${items}",
      "actions": [
        {
          "type": "Action.OpenUrl",
          "title": "${Title}",
          "url": "${url.url}"
        }
      ]
    }
  ]
}