{
  "$schema": "https://developer.microsoft.com/json-schemas/spfx-build/package-solution.schema.json",
  "solution": {
    "name": "asia-webparts-myapps-client-side-solution",
    "id": "30221535-c8a3-4c05-968d-df81e278a605",
    "version": "1.0.3.0",
    "includeClientSideAssets": true,
    "skipFeatureDeployment": true,
    "isDomainIsolated": false,
    "developer": {
      "name": "Avanade SharePoint Intranet Accelerator",
      "websiteUrl": "https://www.avanade.com",
      "privacyUrl": "",
      "termsOfUseUrl": "",
      "mpnId": "2013137"
    }
  },
  "paths": {
    "zippedPackage": "solution/asia-webparts-myapps.sppkg"
  }
}
