{
  "$schema": "https://developer.microsoft.com/json-schemas/core-build/serve.schema.json",
  "port": 4321,
  "https": true,
  "initialPage": "https://localhost:5432/workbench",
   "serveConfigurations": {
    "default": {
      "pageUrl": "https://localhost:5432/workbench",
      "customActions": {
        "adc0c8f4-dda3-4559-9aa8-9659347079aa": {
          "location": "ClientSideExtension.ApplicationCustomizer",
          "properties": {
            "testMessage": "Test message"
          }
        }
      }
    },
    "myAppsV2Extension": {
      "pageUrl": "https://localhost:5432/workbench",
      "customActions": {
        "adc0c8f4-dda3-4559-9aa8-9659347079aa": {
          "location": "ClientSideExtension.ApplicationCustomizer",
          "properties": {
            "testMessage": "Test message"
          }
        }
      }
    }
  }
}
