{
  "$schema": "https://developer.microsoft.com/json-schemas/spfx-build/package-solution.schema.json",
  "solution": {
    "name": "personalized-webpart-client-side-solution",
    "id": "7c8afe66-e403-4b20-aee4-3e3d676204aa",
    "version": "1.0.0.0",
    "includeClientSideAssets": true,
    "skipFeatureDeployment": true,
    "isDomainIsolated": false,
    "developer": {
      "name": "",
      "websiteUrl": "",
      "privacyUrl": "",
      "termsOfUseUrl": "",
      "mpnId": "Undefined-1.20.0"
    },
    "metadata": {
      "shortDescription": {
        "default": "personalized-webpart description"
      },
      "longDescription": {
        "default": "personalized-webpart description"
      },
      "screenshotPaths": [],
      "videoUrl": "",
      "categories": []
    },
    "features": [
      {
        "title": "personalized-webpart Feature",
        "description": "The feature that activates elements of the personalized-webpart solution.",
        "id": "1a73c6fa-4a32-4c6e-bddf-bbc7e2fb1967",
        "version": "1.0.0.0"
      }
    ]
  },
  "paths": {
    "zippedPackage": "solution/personalized-webpart.sppkg"
  }
}
